<?xml version="1.0" encoding="UTF-8" ?>
<odoo>
    <data noupdate="1">

      <record model="ir.module.category" id="product_discount_management">
        <field name="name">Discount Manager Access</field>
        <field name="description">Manager discount access level for this module</field>
        <field name="sequence">3</field>
      </record>

      <record id="group1_discount_manager" model="res.groups">
          <field name="name">Group1</field>
          <field name="category_id" ref="product_discount_management"/>
          <field name="users" eval="[(4, ref('base.user_root'))]"/>
      </record>

      <record id="group2_discount_manager" model="res.groups">
          <field name="name">Group2</field>
          <field name="category_id" ref="product_discount_management"/>
          <field name="users" eval="[(4, ref('base.user_root'))]"/>
      </record>

      <record id="group3_discount_manager" model="res.groups">
          <field name="name">Group3</field>
          <field name="category_id" ref="product_discount_management"/>
          <field name="users" eval="[(4, ref('base.user_root'))]"/>
      </record>

    </data>
</odoo>